Epoch,Train Loss,Test Loss
1,3.240148716151178,3.24051333948509
2,3.206175885848682,3.2059679055951307
3,3.123897420377839,3.1221355310420402
4,2.940650218247872,2.9376923792141
5,2.668887873348506,2.6668674147006164
6,2.401469513199606,2.401682982739714
7,2.1010306901093196,2.104229409670092
8,1.634853704405414,1.6401863675756552
9,1.2752014349878673,1.2823444899824477
10,1.0350005043700197,1.0429555177688599
